subj,legitpresence,overall_duration_mean,mean_total_time,overall_count_mean,overall_amplitude_mean,mean_total_distance
1,0,218.415011,11066.11479,38.82857143,200.0560522,9756.033277
1,1,218.1107766,19192.18784,59.32142857,202.1534966,16889.26337
2,0,221.1321586,8519.524229,28.375,178.4216815,6871.381845
2,1,222.3339806,7699.662136,17.75862069,194.7762332,6500.905467
3,0,195.9830986,18100.29408,46.71052632,133.1688412,11357.5133
3,1,204.6649573,27385.95556,73.125,129.0532082,15723.58063
4,0,167.2934331,6982.32419,33.41666667,165.3228748,6841.614537
4,1,181.8636898,11552.80846,44.78947368,165.2294934,9905.748134
5,0,282.9595016,16299.2648,35.66666667,202.9063128,10870.29188
5,1,266.5797546,8130.104294,19.17647059,226.7283559,6225.240768
6,0,191.520979,5039.98951,17.875,204.4987098,5251.231345
6,1,196.8584906,8137.867925,35.33333333,203.3680284,8221.785679
7,0,169.336333,11663.52081,50.8,184.0352392,12067.35693
7,1,174.1926397,21956.38619,75.89655172,180.888969,21627.40386
8,0,183.009901,5891.217822,21.26315789,206.1214281,6538.164907
8,1,175.379661,4599.081356,21.85185185,204.5226378,5255.790513
9,0,185.5172414,22670.3026,83.58823529,168.0228678,19831.13259
9,1,191.4710665,20574.07556,90.91304348,173.9846849,18650.21521
10,0,179.5457627,5726.349153,25.65217391,216.1623133,6824.27586
10,1,181.2762763,5033.417417,21.48387097,218.117578,6026.330511
11,0,205.1314574,27148.72995,74.40625,189.2989199,22430.20741
11,1,209.303908,20950.96,80.55555556,199.98087,19668.20432
12,0,193.0609037,12121.75639,36.35714286,163.7025935,9164.320623
12,1,185.5940741,8101.591111,20.45454545,177.0110432,6756.258963
13,0,192.2745098,8736.766013,27.32142857,194.1992455,8132.259263
13,1,190.7814815,7190.955556,30,187.4451297,7024.239277
14,0,199.9313525,16479.91701,52.75675676,174.8135383,13792.80756
14,1,198.9731183,14772.37276,50.72727273,175.705311,12544.91195
15,0,174.3735499,5762.213457,23.94444444,209.334181,6731.532809
15,1,179.4780652,6882.859393,31.75,209.2699982,7808.040418
16,0,223.5152603,13368.06822,46.41666667,179.8789422,10737.51549
16,1,215.9107143,14816.76531,50.58064516,179.7562699,12341.80423
17,0,202.1133603,6564.672065,25.55172414,172.3801889,5531.899828
17,1,208.3864836,7958.844773,32.65517241,167.8865917,6279.320787
18,0,202.5319516,10258.54922,28.95,194.2885952,9770.345638
18,1,201.0381078,6352.144547,23.78125,198.243284,6158.471082
19,0,233.3585685,13031.03923,45.40625,176.1339124,9664.668218
19,1,227.2800587,12771.55279,44,183.7036966,10369.66802
20,0,171.8255675,6314.396655,23.25,177.9044103,6155.990352
20,1,177.1891348,8482.496982,38.23076923,180.1692848,8430.915698
21,0,221.8395245,8086.282318,21.03125,225.2814689,8190.27259
21,1,214.3005008,5457.415693,18.15151515,242.5419382,6099.311643
22,0,205.3410283,9283.502623,31.76666667,177.1957968,7768.421122
22,1,201.6988968,14698.35172,55.03571429,161.287031,11241.22655
23,0,203.5178317,22176.12649,70.1,185.5134489,18910.68978
23,1,192.94,13763.02429,53.84615385,191.139511,13084.17461
24,0,191.9970282,8499.274889,24.03571429,233.2670465,10188.15654
24,1,194.9225092,6745.350554,22.58333333,227.6390996,8060.307535
25,0,223.0950324,12339.42765,35.61538462,184.0909525,9909.350941
25,1,223.8061574,8528.063854,31.32142857,175.2104496,6602.775911
26,0,216.5337143,16374.39771,51.47058824,171.61765,12969.73333
26,1,215.8705036,22233.2259,77.22222222,168.9428709,17350.59891
27,0,191.5323944,5952.016901,27.30769231,186.819713,5847.803639
27,1,178.9056604,4165.499142,20.10344828,201.7825715,4568.54438
28,0,182.2347949,6905.770863,28.28,233.5495646,8617.422136
28,1,173.5864198,4660.765432,19.63636364,247.2675276,6375.00332
29,0,195.1082927,8132.435122,32.03125,191.5022709,7907.135893
29,1,205.2253408,10944.3753,41.56666667,186.162936,9895.083851
30,0,197.0214918,5935.683944,21.97222222,178.3966538,5166.168743
30,1,205.4197689,10149.66367,41,169.6069538,8287.993881
31,0,204.6257669,10883.90798,26.08,160.0743086,7256.171736
31,1,197.8639053,9798.195266,30.72727273,160.6789008,7603.98084
32,0,225.4102079,10566.93006,35.26666667,175.0685849,8428.584296
32,1,199.1038108,7017.910644,26.24137931,182.1497317,6052.136028
33,0,202.7150997,12016.32194,46.8,181.1894587,10546.14005
33,1,192.0517504,6516.870624,20.53125,188.4393184,6032.039791
34,0,191.061651,6981.143156,27.34285714,202.349056,7163.138603
34,1,204.3823529,15024.13824,43.87096774,199.7282627,14467.68489
35,0,220.2170543,5555.496124,14.33333333,173.2331106,3903.501846
35,1,233.8166667,7404.308333,15,158.5068283,4081.512273
36,0,179.7731385,12000.47042,46.35483871,222.2380944,13840.40741
36,1,173.0450281,11265.31332,42.64,224.0022754,13225.61942
37,0,184.8801262,6360.053628,25.36,229.1309636,8012.219373
37,1,192.6840052,6996.283485,25.63333333,218.8001997,7948.887701
38,0,290.1832061,9326.473282,13.1,192.1630314,4576.882083
38,1,255.849711,2461.225434,6.653846154,272.9810197,2514.941589
39,0,214.0317003,5706.481268,22.38709677,188.3030134,5013.44882
39,1,205.4111543,7473.483787,30.84,197.9219353,7263.662151
40,0,231.8322981,7052.130435,16.1,200.9179962,5754.342985
40,1,247.4724409,9305.779528,25.4,196.2748819,7186.830188
41,0,189.1721557,14674.92365,63.61904762,164.1654914,12529.78927
41,1,187.8334206,15286.32268,59.65625,161.6580896,12905.57127
42,0,217.1183879,8730.828715,29.40740741,189.4852012,7550.926295
42,1,211.7956778,8210.127701,29.94117647,204.2237595,7926.617605
43,0,201.2898273,5649.666027,21.70833333,169.7759658,4690.248286
43,1,199.5261324,6372.874564,22.07692308,166.2623378,4986.374624
44,0,209.6426983,10483.34766,37.47222222,223.7914202,10794.02611
44,1,215.2264026,15299.49439,63.125,217.8395049,15470.3017
45,0,204.0908354,10993.35766,39.77419355,182.0647994,9351.618532
45,1,191.3130755,9400.06814,40.22222222,182.0879322,8587.59783
46,0,201.308311,15002.84718,51.44827586,186.8011926,13919.46571
46,1,202.0682806,12737.51459,51.96774194,195.48573,12188.26797
47,0,232.9788235,14245.71529,42.5,187.0225433,11481.10159
47,1,223.2073171,11672.76423,30.75,188.254553,8887.924319
48,0,214.6049822,9247.734282,25.54545455,171.4319764,7193.35559
48,1,225.5984064,14145.77211,44.82142857,161.8595032,9574.613273
49,0,211.6618357,13431.27053,41.4,168.9283104,10078.29069
49,1,205.0625,15253.93071,50.75862069,170.7269159,12119.16494
50,0,223.4818402,10140.20339,37.54545455,181.7117351,8073.588936
50,1,224.1056604,14717.79371,41.84210526,188.049633,12078.23191
51,0,238.6261181,10693.81038,37.26666667,241.6501733,10454.69153
51,1,231.0561224,14596.30442,42,242.599468,14706.12861
52,0,196.5252294,16109.66743,62.28571429,175.0174005,14125.17904
52,1,208.4217547,64498.15906,59.06060606,201.0577718,59784.64792
53,0,194.3716679,21832.68241,72.94444444,162.2732951,18216.30594
53,1,195.6256831,18264.61885,69.71428571,164.4549479,15182.21937
54,0,194.1761589,14527.17351,60.4,220.0556807,15780.16336
54,1,195.5672625,15530.81656,66.4375,206.2056584,16411.79643
55,0,212.2665639,12074.23421,40.5625,190.9275855,9967.363606
55,1,211.002449,11984.44898,45.37037037,183.1258699,10162.03875
56,0,219.4043355,10502.91046,31.20588235,195.5056511,8895.517907
56,1,218.9685864,13189.637,44.07692308,189.0400937,10915.8368
57,0,222.5526734,17670.89254,55.55882353,197.4743891,15294.54277
57,1,216.343857,24391.8547,93.89285714,191.5809577,21190.15189
58,0,222.6163457,21929.95731,68.60714286,220.0980253,20921.43617
58,1,215.3634312,16710.4684,61.10344828,209.5048466,15920.63109
59,0,187.5982533,1849.021834,7.896551724,245.2446442,2381.600855
59,1,193.8852459,3021.901639,11.61904762,268.2841183,4278.397374
60,0,204.7213647,18504.28838,72.41176471,168.8236373,14805.88578
60,1,202.2924668,24164.73412,93.37931034,170.9645188,19985.00637
61,0,209.7006135,17025.55828,35.43478261,210.2717837,15425.1951
61,1,211.4135338,9952.66416,30.69230769,237.432284,11323.76864
62,0,192.7679649,18841.43609,75.95833333,187.0331182,17957.85958
62,1,192.393039,16402.66299,69.29411765,183.9679473,15536.81547
63,0,249.3145161,12074.3871,38.75,172.3493546,7914.52353
63,1,255.9925994,13253.24514,40.03703704,170.1961745,8384.77369
64,0,231.326087,3199.978261,7.076923077,266.8066677,3073.874538
64,1,225.8757764,2343.180124,6.708333333,269.09877,2432.508449
65,0,210.0931298,19467.67328,52.4,202.9904287,19815.04208
65,1,197.3660996,12100.862,49.59375,181.5282175,11003.56456
66,0,214.2641829,14645.52413,49.20833333,166.8042285,11247.52076
66,1,216.5534247,12809.47534,47.09677419,161.0392706,9211.920402
67,0,218.9672233,16548.29314,47.55882353,207.8228518,14352.48333
67,1,219.1933884,17044.60496,51.85714286,205.0586228,15612.91497
68,0,202.9808375,16619.72463,52.18518519,171.0258408,13524.27821
68,1,198.5367047,12563.30343,43.78571429,174.842907,10720.58012
69,0,229.4473684,5389.286184,17.37142857,237.8140042,5529.254608
69,1,237.9117647,6286.156863,19.42857143,211.0127827,5418.083107
70,0,177.9405034,4425.098398,16.18518519,195.3028298,4527.149312
70,1,177.9410526,5311.802105,18.26923077,191.4773008,5346.625962
71,0,221.8383518,12246.56101,26.29166667,174.6680459,8388.625556
71,1,214.8875256,10029.5092,25.73684211,180.1846159,7632.552878
72,0,211.2438443,14945.34392,37.02941176,183.126008,12309.69164
72,1,217.1164122,14589.00382,52.4,175.8567398,11499.03758
73,0,209.4809052,15061.03536,50.5,188.3396901,13103.30454
73,1,212.1037684,17413.716,65.39285714,180.4737993,14513.80583
74,0,181.9371147,15031.28977,52.32258065,150.7468656,11460.76658
74,1,178.9026738,17027.58717,64.48275862,156.9046384,13969.57296
75,0,239.4577295,21144.7971,57.10344828,179.5278014,14506.62891
75,1,230.493841,25457.16013,68.69230769,169.0289648,17228.76888
76,0,202.8396652,11457.76948,45.67647059,159.3328895,8794.289578
76,1,210.5800402,15667.53918,67.86363636,146.1670613,10590.4158
77,0,193.1394482,14597.03952,44.7,209.6821708,14459.01764
77,1,195.3805436,11561.12876,46.6,212.3836691,11956.57871
78,0,227.9927471,17467.19674,52.52380952,176.1533625,12982.13325
78,1,228.0424448,11532.35144,42.07142857,172.8531631,8775.622884
79,0,220.3451327,6741.39528,24.21428571,189.0310501,5716.159995
79,1,216.763062,8958.109356,31.65384615,175.8429613,7324.065436
80,0,220.6906166,14249.09383,51.80555556,166.4802148,10535.95855
80,1,223.1796407,16661.45958,63.61904762,145.9160649,10800.52164
81,0,223.5016287,5951.039088,18.05882353,244.3206631,6267.204832
81,1,225.6909361,8451.465082,28.04166667,218.7230362,7969.099985
82,0,200.8548223,15757.31574,49.25,145.7178434,10604.31173
82,1,193.8814994,7772.026602,34.45833333,167.4246096,6495.464079
83,0,208.4897519,14098.6904,51.5,197.091514,13784.31159
83,1,204.1445783,11990.15599,45.05714286,193.8078583,11305.39402
84,0,237.0554217,12505.12129,41.5,174.7450975,8961.82385
84,1,234.8829268,12959.11545,45.55555556,178.0987742,9892.542556
85,0,168.1444043,4183.202166,19.78571429,198.5699981,4893.82206
85,1,173.5917065,5867.167464,20.9,188.2552399,5736.855223
86,0,197.2295455,9408.540909,33.84615385,196.1913453,9437.127758
86,1,207.7125257,10293.30801,36.07407407,184.6342627,8858.652984
87,0,179.9059266,16764.30103,64.42424242,176.5831785,15660.58109
87,1,182.0274725,13740.03297,65,182.1561142,13501.78106
88,0,225.0398614,10420.40901,41.21428571,199.0766142,9249.784521
88,1,217.9893143,12112.72484,40.10714286,191.2150878,10393.03258
89,0,167.9350649,2431.285714,12.83333333,180.7039696,2622.105758
89,1,177.4926829,3587.931707,12.05882353,163.1023119,3210.097087
90,0,182.49066,9046.615193,25.90322581,165.6164021,7803.420214
90,1,189.3533191,16006.00428,42.45454545,149.6098907,12044.06125
91,0,180.3559322,7401.158898,32.55172414,222.6718922,8800.498721
91,1,182.1862434,7367.424339,28.63636364,216.5247655,8924.848541
92,0,171.0356537,16754.77589,76,160.8745853,15440.87955
92,1,169.5088266,13704.40706,66.4137931,166.5029949,13284.21474
93,0,194.3413793,5304.451724,21.48148148,184.6693338,5031.390735
93,1,198.359596,5103.89899,22.5,187.247158,4855.609166
94,0,204.6417683,13289.88262,45.24137931,171.4637065,11024.48175
94,1,204.1759881,17265.25578,46.24137931,164.8192331,12704.78446
95,0,189.7701778,14984.28591,54.14814815,177.0739992,12686.54122
95,1,184.8643982,17028.51905,63.51612903,176.5856174,15569.76795
96,0,199.3473054,5488.335329,13.91666667,241.4418656,6792.063369
96,1,200.4929577,7546.56338,17.75,228.6863353,8337.757107
97,0,200.4719764,8189.410029,26.07692308,197.4048476,8140.903126
97,1,206.0042105,5395.587368,17.59259259,214.386219,5503.624521
98,0,225.5565313,13531.08233,45.55,208.2164555,12354.15324
98,1,227.7631359,11649.68974,44.40740741,224.4997954,11634.48399
99,0,201.8399519,14488.17208,44.91891892,177.9801716,11912.93915
99,1,202.5895795,19822.99177,81.03703704,164.6242317,16071.36769
100,0,196.6001188,19000.78907,60.10714286,181.0488665,16240.06408
100,1,185.6510574,11286.91088,45.65517241,187.4399803,11220.7098
101,0,155.7579618,19569.41242,83.73333333,132.1800866,15724.06253
101,1,159.1017316,12555.60173,56,147.724127,11053.88074
102,0,191.5905245,5876.517766,23.64,209.34539,6456.48862
102,1,196.2469136,5180.395062,23.14285714,203.3274794,5417.213376
103,0,266.769962,12408.27567,30.05714286,197.4030242,8991.050979
103,1,274.0089286,28088.11607,64,181.7579384,17641.68005
104,0,227.0329513,23211.12464,87.25,164.5619062,16272.7918
104,1,216.4721604,18081.46192,68.03030303,169.3830575,13859.06231
105,0,221.5121951,17761.95296,44.15384615,186.3600608,14157.80587
105,1,216.9164678,11310.18138,34.91666667,186.1064038,9375.275807
106,0,195.9702381,10368.57143,39.52941176,230.9757443,11920.97367
106,1,197.3471901,15564.10931,64.95,216.3135201,17110.87945
107,0,182.9918963,4716.045381,18.14705882,253.4496095,6734.381955
107,1,184.8992806,7010.604317,29.26315789,213.7956686,8367.775319
108,0,212.4373757,7601.343936,20.95833333,208.1278593,6904.694732
108,1,195.2172043,3926.193548,14.53125,220.4283969,4477.982784
109,0,192.1799591,14188.72393,51.47368421,171.3616959,12483.80196
109,1,198.1913402,21392.62103,80.83333333,159.2974519,16643.06558
110,0,210.8405797,5838.062802,16.56,229.1159214,6096.302368
110,1,217.1258907,5063.211401,15.03571429,248.8938686,5647.072205
111,0,286.995283,19461.54245,36.34285714,208.7695768,13548.98952
111,1,295.8307831,18478.38704,55.55,212.1412569,13380.82877
112,0,219.3374233,6482.01636,24.45,187.2215468,5415.636019
112,1,220.3673469,8183.228786,31.03333333,192.5429854,7193.564696
113,0,216.8469945,3669.836066,11.4375,253.5052537,4159.908877
113,1,216.3020833,3632.604167,12,267.0568633,4407.552941
114,0,195.9850746,2740.208955,7.882352941,189.3184691,2674.284018
114,1,200.6190476,4907.961905,13.125,176.3763646,4010.960855
115,0,250.8377193,30867.91009,82.90909091,189.0974711,22329.35933
115,1,240.6343042,26387.26861,83.19230769,194.5285451,21039.54001
116,0,221.2089136,11352.01671,32.63636364,176.175797,8565.053797
116,1,229.8147139,15314.78338,54.37037037,165.845854,10802.44993
117,0,195.8442211,8635.082915,30.61538462,190.1656939,7906.30844
117,1,197.3112782,5777.858647,22.93103448,193.0495107,5632.330884
118,0,192.0888889,8380.144444,32.72727273,172.5165271,7026.799312
118,1,177.9912088,6832.824176,29.35483871,185.3971259,7031.969209
119,0,233.0574713,6894.616858,16.83870968,201.319963,5877.581446
119,1,238.6814815,10422.61926,25.96153846,196.3776728,7772.630043
120,0,263.3079365,13682.3746,37.8,223.6469585,11438.31321
120,1,259.8840816,13169.5249,40.83333333,216.6723946,10676.70372
121,0,186.2948328,5778.130699,25.30769231,287.3240802,8327.790918
121,1,189.321075,6253.394625,23.56666667,249.9022689,7943.06734
122,0,164.7080232,9212.92804,40.3,181.6599787,9960.801839
122,1,168.5083415,7537.907753,39.19230769,177.8240229,7926.386531
123,0,204.7176566,15806.08788,55.86363636,158.1211105,11455.09486
123,1,196.1836735,13022.44315,49,174.2709985,11307.42734
124,0,214.9461326,17672.09807,65.81818182,160.4564463,12675.18228
124,1,215.1562932,13260.32918,46.64516129,163.0814882,9602.881065
125,0,191.1753247,3969.597403,15.4,196.7033553,3913.562855
125,1,199.4654655,6129.459459,17.52631579,193.4916929,5381.393089
126,0,202.6906188,6746.89022,15.18181818,218.7751171,6188.538071
126,1,199.5986842,6233.565789,23.38461538,204.2296263,6183.583432
127,0,214.0936768,9607.887588,26.6875,219.6889136,9128.321813
127,1,190.7438017,4885.822314,16.13333333,239.1063824,6091.102515
128,0,273.6444444,24083.31852,59.4,223.0624302,19063.20709
128,1,269.1595424,22129.70379,59.32142857,221.0709749,17552.19777
129,0,200.1956674,21666.4696,65.04545455,192.5242735,20106.10037
129,1,193.1075075,12873.47147,55.5,196.5037639,13046.53045
130,0,258.5296736,16717.54748,44.93333333,176.4894071,11174.11016
130,1,250.976,11723.76889,36.29032258,174.1858732,8248.095547
131,0,194.3867403,11476.00859,47.91176471,161.1350933,9343.049651
131,1,205.8220425,13803.46411,52.05263158,158.3753888,10262.4108
132,0,175.1070013,10294.17305,48.83870968,175.1483553,10100.85929
132,1,178.5901427,11603.4773,53.17241379,166.870705,10512.42588
133,0,225.3333333,5830.966667,12.63157895,194.1536819,4452.855873
133,1,236.4524887,7359.565611,13,217.8014727,5820.534528
134,0,201.1666667,2387.342105,8.769230769,235.4997769,2689.956906
134,1,206.8139535,2182.348837,8.19047619,231.5892886,2301.600044
135,0,267.0196721,8647.07541,24.4,155.9053353,4893.325219
135,1,250.954918,7551.95082,24.4,146.8137198,4463.91215
136,0,212.8016701,12674.1698,43.54545455,183.8080573,10239.68775
136,1,209.6140625,11474.91406,45.71428571,196.0329042,10690.69734
137,0,168.2457983,8101.178571,35.25925926,177.9916744,8491.903558
137,1,167.3371105,6846.024551,32.09090909,172.6306911,6812.223116
138,0,197.3398295,8209.917174,35.69565217,158.3960804,6449.869027
138,1,192.3326693,7428.460159,33.46666667,179.9602274,6606.716833
139,0,192.5770677,11840.6391,53.2,160.0823814,9829.800665
139,1,185.1818182,9131.150413,39.03225806,164.2684463,7760.784876
140,0,240.4592145,11738.67372,33.1,215.3754827,10283.29181
140,1,243.2345972,13896.72275,35.16666667,200.5134444,10450.14124
141,0,240.5643564,5855.841584,16.83333333,224.2023827,4803.212765
141,1,231.8891821,4114.754617,15.16,244.9021271,4041.597357
142,0,205.7368421,5196.403509,17.53846154,300.9002877,7523.873614
142,1,218.8820059,7528.660767,26.07692308,244.1679523,8346.077936
143,0,229.1827542,22410.75933,55.5,180.511351,16377.0423
143,1,218.6563615,15836.83472,32.34615385,196.1405321,12021.75491
144,0,184.3712871,5759.20297,16.83333333,183.5629235,5723.72227
144,1,185.6338798,3834.513661,14.64,196.7136072,3875.441106
145,0,220.7612293,6975.423168,24.88235294,166.978598,5201.211413
145,1,216.1564417,6414.53681,19.17647059,180.4795065,5105.715871
146,0,219.4753086,8504.944444,29.45454545,191.7367982,7203.668297
146,1,202.398374,6516.796748,25.44827586,195.5401288,6101.084297
147,0,179.8915401,7376.559653,28.8125,179.7125186,7466.669772
147,1,185.6879163,11374.81446,47.77272727,166.8728546,10147.87805
148,0,201.3303571,4410.776786,17.23076923,212.1557562,4681.87005
148,1,203.2090164,4304.815574,15.74193548,223.6343085,4632.405855
149,0,246.5466914,13699.3321,47.55882353,174.4037256,9395.998389
149,1,238.9486673,19158.93978,67.53333333,174.7231327,13594.58976
150,0,239.8298643,16577.70679,46.04166667,219.3402941,14568.27822
150,1,224.6285714,8253.616,28.22580645,234.1709611,8330.542253
151,0,211.7412587,12334.53613,39,183.5959497,10384.14487
151,1,203.1054248,8629.068577,33.68965517,186.9241927,7826.204936
152,0,181.7266922,6045.578544,29,197.9236473,6652.526361
152,1,177.0589928,4931.309353,24.82142857,206.6310078,5630.848568
153,0,218.5474041,26584.72009,70.88,154.4314783,18032.25831
153,1,215.2768293,14948.43415,58.57142857,156.7197345,10741.55464
154,0,195.0803396,11099.39778,42.52777778,190.0650474,10857.77818
154,1,204.106576,22070.51701,80.18181818,172.9521437,18619.29894
155,0,221.6062458,14255.11745,47.51612903,171.1333491,10946.42643
155,1,227.0648649,14253.01802,48.26086957,161.3376148,10053.31739
156,0,178.9055375,3548.983713,14.61904762,185.0720322,3451.227322
156,1,186.127193,3835.385965,16.88888889,194.0014336,3860.682805
157,0,211.5034483,4882.137931,20.71428571,213.9874354,4932.863577
157,1,196.8615385,3278.605128,13.44827586,238.1731621,3825.900747
158,0,188.5837743,9508.500882,39.10344828,128.0549148,6084.974384
158,1,196.4537941,16021.52216,60.5,119.3459201,9268.298905
159,0,193.645187,13987.49085,40.5483871,162.5435064,11135.21562
159,1,193.9098497,12403.76628,46.07692308,165.5443586,10449.31785
160,0,207.7653773,12795.95561,43.80555556,188.4868997,11310.42993
160,1,216.8532351,17679.55392,70.40740741,184.0481973,14783.32378
161,0,276.4177998,15996.63535,36.77272727,188.0875126,10425.83556
161,1,309.5317073,15811.26439,34.16666667,209.8081618,10323.53415
162,0,247.6606426,13639.4498,35.57142857,176.7593368,8758.592088
162,1,241.1933333,13607.14222,33.33333333,189.4190289,9876.834682
163,0,144.526749,5770.598765,31.35483871,178.6322159,7045.029669
163,1,144.2596054,7104.627207,37.03846154,179.6477304,8963.596512
164,0,209.7259923,12401.65941,45.94117647,190.8134313,11472.87234
164,1,209.2554606,10963.39411,36.31034483,181.1973733,9534.512077
165,0,214.8499534,11909.93849,42.92,154.0522222,8097.247197
165,1,211.1222515,11883.94899,35.53125,153.6987566,8148.011544
166,0,174.1553288,12760.70295,60.82758621,179.4225248,12898.11457
166,1,173.6121795,12807.64637,60.38709677,187.2739498,14073.79937
167,0,229.5010142,6131.991886,15.90322581,244.369095,6011.809677
167,1,218.1394231,5997.961538,17.33333333,233.1445719,5838.170278
168,0,177.5618449,9473.528302,32.89655172,179.5916931,9104.466686
168,1,184.361991,11221.84253,36.83333333,195.9139746,12691.3287
169,0,171.9411765,6849.227941,27.2,220.3919008,8498.219293
169,1,173.2162921,6939.601124,27.38461538,205.7727483,7786.163848
170,0,204.9709584,15849.9971,60.76470588,208.9418197,15753.04579
170,1,210.3531892,15419.02267,63.23333333,200.5191665,14465.07769
171,0,156.2871068,19573.80062,86.80769231,156.7387099,18859.56588
171,1,155.9481743,16964.93051,90.96428571,156.0144599,16739.54991
172,0,189.7242583,7534.963351,30.15789474,172.9492035,6743.628387
172,1,198.7337423,18854.39755,62.69230769,165.1302974,15462.09372
173,0,213.7080406,11702.69009,47.44444444,164.9706221,9057.416236
173,1,218.8866625,14765.51033,53.23333333,156.2478578,10731.01256
174,0,228.6749689,12789.00374,38.23809524,183.9350404,9882.996039
174,1,244.8031189,11578.18713,36.64285714,196.3449135,9241.995883
175,0,264.3506494,14618.51948,35.2,218.7692578,11671.32844
175,1,276.214128,15189.38411,45.3,218.8690278,11965.73953
176,0,223.297479,11953.6,19.83333333,163.1836596,6899.15084
176,1,241.4822335,18049.00508,39.4,132.1195539,8555.859191
177,0,223.3030303,17471.49576,51.5625,181.6228303,14087.09605
177,1,225.1292135,19683.97051,67.80952381,179.5112711,15562.5572
178,0,233.3701997,20698.40553,72.33333333,180.8456366,15390.82293
178,1,219.2696629,22389.60776,63.16129032,183.6286265,18524.42056
179,0,192.5364512,10760.12105,34.61904762,184.8652258,9585.844508
179,1,190.4688645,8072.400488,32.76,178.9873307,7643.433369
180,0,210.5787848,31597.54686,112.0384615,145.7896469,20464.71869
180,1,204.2132011,27378.30617,97.78787879,150.0179404,19405.70895
181,0,232.5297398,22915.19331,61.48571429,140.726846,12979.65375
181,1,226.3371856,28420.2121,70.04761905,150.370077,17816.98821
182,0,189.2766839,7722.335751,28.38235294,198.3572248,7707.796941
182,1,197.8829787,9264.5,39.16666667,192.7446388,8826.769723
183,0,184.8996764,13369.7411,59.42307692,164.189837,11865.46851
183,1,183.2465374,12271.82964,46.58064516,170.5333847,11349.90061
184,0,193.8324675,15131.22597,55,167.2021449,12474.20543
184,1,196.149964,14574.26965,57.79166667,162.5413694,12013.95162
185,0,232.7636669,20416.91337,62.57894737,169.9034839,13646.41869
185,1,232.0991345,18963.35405,72.62857143,165.2127954,13298.9461
186,0,184.1948052,13423.80519,44,185.7408962,13287.22751
186,1,181.7192308,13670.07051,53.79310345,180.9902206,13339.047
187,0,208.4343434,7863.5,24.75,168.1590806,6192.085216
187,1,197.6264775,4680.3026,20.14285714,156.9374939,3557.467656
188,0,167.5615866,12215.70633,49.55172414,197.2440178,13849.27983
188,1,170.6536082,12532.69691,34.64285714,201.1198178,14653.73458
189,0,200.7375,1538.825,6.666666667,224.045184,1747.060951
189,1,253.4444444,2548.62963,9,247.2519292,2572.411651
190,0,188.137931,5673.586207,25.94736842,203.9840861,6132.482085
190,1,184.5329619,7172.583101,33.65625,202.3025164,7926.147756
191,0,210.7588933,18969.01186,42.16666667,183.4199082,15071.95425
191,1,197.2712681,10711.63082,31.15,193.1549568,10082.00739
192,0,209.2204629,7270.392205,23.45714286,217.094966,7358.336564
192,1,204.5215054,7515.634409,28.61538462,211.8521841,7544.517444
193,0,174.1553398,7430.624595,32.52631579,179.1895375,7258.24864
193,1,167.7503759,6016.562406,21.4516129,182.1376615,5971.945611
194,0,181.9512195,4079.076923,17.76666667,211.6361877,4710.721141
194,1,185.5833333,6994.416667,27.42857143,191.7691591,7095.53087
195,0,223.86,14037.85412,50,197.6736056,12450.72518
195,1,236.2517581,23464.59494,74.84210526,187.8845132,18440.64357
196,0,203.202521,22136.23025,82.06896552,146.5826881,15458.39079
196,1,203.864486,20821.1472,81.52380952,146.242039,14577.99791
197,0,192.3780919,4184.968198,16.64705882,189.8696831,3921.554938
197,1,181.6691176,4665.397059,22.66666667,187.4137249,4663.14046
198,0,158.1547149,11537.04574,50.6,194.8910954,14262.99216
198,1,158.2523474,14695.777,77.45454545,191.8094968,17486.64309
199,0,166.481203,12142.41805,58.67647059,204.2526253,14800.16561
199,1,162.7277526,14026.75716,73.66666667,201.5545371,17172.15672
200,0,223.2173007,33238.75456,76.76,152.0139676,20344.03265
200,1,221.4470175,14595.37404,49.13793103,169.2929567,10707.12001
201,0,173.1645845,13966.0239,57.53125,197.2199513,15447.30858
201,1,170.2565982,11971.91056,54.56,207.0817654,14201.27408
202,0,186.3362176,8468.07911,35.17391304,192.746022,8374.629265
202,1,185.9914712,8525.993603,28.42424242,183.1365333,8180.363211
203,0,164.8203125,5962.963542,24.77419355,205.7583473,7088.551461
203,1,173.2044403,8212.107308,33.78125,193.0157925,8619.080771
204,0,240.5379576,22354.05857,78.63636364,152.0700124,13813.65987
204,1,239.6547619,35868.51653,116.3076923,151.3590474,22107.56304
205,0,210.256,4976.666667,19.73684211,187.3038362,4217.530332
205,1,209.6688742,5081.448124,18.875,181.1742692,4124.471186
206,0,225.9700409,20557.38357,81.59259259,156.8431312,14218.29727
206,1,217.2404624,21039.5052,82.38095238,154.8787414,14564.18561
207,0,184.4322034,4336.508475,14.75,175.3251784,3867.641019
207,1,183.9139785,5879.806452,16.41176471,193.0086362,5671.005312
208,0,186.2022333,12335.50744,48.84848485,232.1158291,15033.05662
208,1,179.0738786,8354.612137,39.89473684,223.5750755,10586.32538
209,0,193.5845539,16214.23169,57.76923077,212.9808076,17395.04851
209,1,186.6905418,7479.539027,32.02941176,218.4771921,8556.759027
210,0,174.6523955,7323.618756,28.02857143,204.9145413,8319.743532
210,1,176.5451937,7604.284075,34.85,205.3737941,8706.884768
211,0,154.8190725,9620.854344,45.02941176,217.290171,12922.50831
211,1,155.6677741,7404.07309,34.73076923,227.5232628,10966.81729
212,0,223.3422131,34253.07787,65.06666667,180.1066845,27464.70445
212,1,222.0349014,15423.81639,41.1875,186.4794434,12551.0824
213,0,187.1341991,10333.72006,37.45945946,192.9904861,10256.56538
213,1,193.9040498,16733.68598,72.95454545,192.5912916,16088.47313
214,0,182.2592313,10406.68274,40.21212121,170.2228669,9427.60365
214,1,184.2941704,9369.81704,44.6,161.6244733,8116.476922
215,0,212.9079966,14258.7859,52.86363636,184.9438379,12309.1374
215,1,208.5761494,13422.5158,46.4,191.4591115,11673.39676
216,0,186.7920228,17059.92023,70.2,154.1280174,13967.08174
216,1,189.4646739,18896.8904,63.08571429,157.6262004,16143.25942
217,0,181.6042553,5403.978723,23.5,220.2909619,6537.330797
217,1,177.5905882,5471.183529,25.75757576,219.7095821,6693.618072
218,0,182.1329715,12834.29037,50.82758621,197.4598749,13101.59712
218,1,180.3239609,12932.8154,58.42857143,195.8448539,13933.46326
219,0,187.2263056,9022.274662,31.33333333,278.9651045,12843.77629
219,1,193.0644851,9484.005775,37.10714286,247.8147188,11250.21379
220,0,178.7316017,8018.865801,35.53846154,172.3669435,7618.676615
220,1,179.8791489,12194.80681,39.16666667,166.8637248,10764.49613
221,0,197.4248366,10076.92549,36.42857143,170.6289361,8218.640475
221,1,190.6889401,8211.357143,31,179.6841041,7720.205901
222,0,259.6123596,7582.196629,23.73333333,208.8646993,5730.404443
222,1,244.3557047,5794.174497,19.86666667,225.5591007,5239.162846
223,0,245.8013245,14706.65342,30.2,179.6122446,9993.426855
223,1,223.6666667,6352.871795,18.57142857,208.0332685,5924.598489
224,0,234.2226804,8898.334021,23.0952381,159.8922787,6201.046476
224,1,216.8851351,8003.35473,20.4137931,153.2573779,5314.584716
225,0,196.819407,14569.31536,33.72727273,192.2152765,13267.96252
225,1,194.0810313,7553.495396,20.88461538,190.4590261,6622.192413
226,0,223.6477512,31222.5599,95.16,159.0740955,21105.1416
226,1,222.4855582,25099.42077,82.64516129,159.8453586,17291.1631
227,0,198.5461613,14509.51215,31.18181818,209.2114942,14215.86322
227,1,210.6267281,11302.53456,41.73076923,198.1868462,10626.03975
228,0,224.2451812,12895.1118,36.02777778,175.2289141,9253.769055
228,1,237.7760358,27911.31915,81.18181818,165.3069277,18552.56251
229,0,227.2821782,9385.237624,29.92592593,156.8674802,6317.959944
229,1,217.9872379,12779.36737,37.82758621,164.3838814,9635.963883
230,0,195.0651444,10266.6313,42.54285714,173.7759815,9133.794166
230,1,200.7525213,15196.20791,61.38095238,168.0887268,12851.79754
231,0,204.6071044,10050.27341,38.70833333,164.5368511,7874.378963
231,1,200.972028,11636.75175,47.66666667,160.5494837,9035.273367
232,0,215.1452055,4235.621918,17.38095238,214.2182227,4153.518703
232,1,210.534202,4980.325733,19.1875,223.2757787,5357.723676
233,0,205.2985972,4977.194389,19.96,191.4381358,4594.4664
233,1,201.0177665,8728.42132,29.18518519,186.090609,8335.356558
234,0,224.170977,15382.04023,49.71428571,189.7282056,12569.96048
234,1,216.5106383,12192.10559,43.75862069,195.3602312,10777.34972
235,0,168.2877493,8403.324786,43.875,179.5482485,9099.134391
235,1,165.2102207,6227.860627,30.75,180.5449651,6972.510939
236,0,176.2516016,11909.053,55.38709677,144.7458626,9649.348326
236,1,177.8091674,16963.18428,76.35714286,142.5117763,13382.75087
237,0,227.6787879,19946.07576,31.42857143,181.4103082,15304.58775
237,1,216.8571429,6705.142857,23.69230769,172.5409973,5266.196339
238,0,217.6942857,8242.191429,24.13793103,205.5080453,7390.301083
238,1,222.1376975,8460.677201,32.81481481,205.9165856,7760.15438
239,0,208.9253555,20717.46801,67.52,150.7462443,13826.36597
239,1,200.4775385,14609.96923,56.03448276,162.2534281,11487.23197
240,0,217.8513834,10177.34071,36.14285714,218.9855401,9803.376726
240,1,223.6738645,17963.72897,61.04545455,213.7826794,16987.80256
241,0,208.8666667,2639.583333,10,285.4937276,3701.930422
241,1,201.5830389,2584.798587,8.575757576,284.8141699,3392.586063
242,0,181.3105413,13364.62393,30.52173913,173.6255415,11887.22639
242,1,173.4009662,11761.50403,44.35714286,167.3640364,11130.38846
243,0,170.2181818,17543.80979,65,164.144827,15944.72626
243,1,165.2687225,15266.62335,69.84615385,185.7447217,16964.52752
244,0,167.2198276,6871.834052,34.37037037,182.6367493,7536.271776
244,1,177.9614644,8790.543353,39.92307692,169.0619216,8079.702565
245,0,231.6752577,7733.350515,22.82352941,172.3180231,5464.176664
245,1,231.2866242,10176.97452,34.88888889,171.1832226,7228.386
246,0,219.55,7511.1975,22.85714286,182.0243626,5906.484998
246,1,231.8388521,15731.98675,50.33333333,166.7521004,10971.06399
247,0,146.525706,9187.701665,43.15625,180.3824462,10831.59584
247,1,148.7534435,15780.98209,63.13043478,171.2284838,18277.5159
248,0,185.0556038,14839.17897,65.77142857,170.6826857,13077.48363
248,1,187.2643406,21465.36132,73.52173913,178.8609687,19862.76371
249,0,186.7572254,4520.491329,19.22222222,206.6903623,4918.028583
249,1,193.8311111,5105.604444,15,207.7237369,4948.539245
250,0,226.1692573,6062.556131,19.3,262.061408,6715.109809
250,1,232.5995893,5975.737166,20.29166667,272.9900156,6957.973944
251,0,214.4035714,15148.43929,50.90909091,214.7169102,14960.4565
251,1,217.1606448,23622.81045,66.62962963,218.4596654,23323.51344
252,0,190.4499141,16728.08472,72.79166667,166.0934056,14915.33885
252,1,186.1152882,18950.75789,73.88888889,166.9442722,16273.63839
253,0,217.8324873,3309.751269,12.3125,203.6793485,2882.19277
253,1,218.2047244,2210.629921,7.9375,172.4368229,1702.950927
254,0,200.6299213,1930.062992,7.9375,277.3759791,2592.68989
254,1,197.1141553,1842.082192,7.821428571,252.3716115,2394.07266
255,0,201.5663866,15511.07563,51.73913043,170.5355669,12936.45903
255,1,202.7488644,13985.64828,57.07407407,168.7155196,11543.39549
256,0,215.9489437,13483.90141,37.86666667,210.3244139,12673.37178
256,1,213.1800487,7994.978102,26.51612903,208.2390571,7672.189096
257,0,258.0838894,30282.04766,61.70588235,179.4838621,20663.15861
257,1,255.5098901,14535.85055,36.4,196.182898,10612.35084
258,0,216.9686099,13530.70105,36.16216216,190.750471,11846.87597
258,1,230.3957895,27652.97684,79.16666667,176.1790161,20481.24664
259,0,207.8476563,5474.476563,19.69230769,197.3794035,4992.967034
259,1,200.025641,6487.542125,24.81818182,217.1334814,6582.650514
260,0,176.8623025,4902.613995,23.31578947,215.6662869,6073.462237
260,1,174.2318271,5221.607073,17.55172414,215.9358504,6024.476844
261,0,226.2800441,7942.282249,25.91428571,214.8710202,7408.507774
261,1,233.8317757,12445.46729,38.90909091,211.286414,10722.61568
262,0,229.3484487,10280.66587,31.03703704,229.6463726,10192.84031
262,1,231.8351064,13983.95745,37.6,218.1862835,12776.83383
263,0,189.1034483,1736.258621,6.105263158,241.5576038,2086.362527
263,1,177.44,2154.868571,7,225.3042868,2573.785015
264,0,179.4263736,6421.43956,29.35483871,234.6664457,8198.81915
264,1,176.2874693,7901.884521,33.91666667,248.1321394,10533.17642
265,0,218.6565517,13289.01241,42.64705882,224.9094754,13361.87364
265,1,238.8684628,22971.04596,45.07142857,219.9872249,19250.8929
266,0,229.8466899,6539.585366,20.5,220.0276641,5929.912046
266,1,244.8542024,10722.46655,24.29166667,246.9932071,10487.68985
267,0,257.6171694,19617.96056,55.61290323,179.2538949,13208.48976
267,1,254.2311111,23265.87556,78.26086957,185.6973372,16671.14019
268,0,172.1022556,5928.126316,25.57692308,204.4331466,6841.817203
268,1,171.9317585,6119.11811,27.21428571,203.8768203,7048.638933
269,0,183.7849779,7206.774669,32.33333333,164.418269,6456.855701
269,1,185.2622478,6072.899135,26.69230769,177.6549912,5769.331616
270,0,188.7930869,16735.75612,65.09375,193.575017,16608.69018
270,1,183.9349046,14328.79012,59.4,196.2867655,15192.01729
271,0,236.673913,4662.195652,14.15384615,218.3835932,4081.118729
271,1,211.8707483,3075.44898,9.1875,224.6324371,3034.120399
272,0,206.8906589,26167.39609,102.2962963,167.1697769,20356.89983
272,1,208.3139753,28697.82166,106.76,153.8184324,21178.14346
273,0,209.6886544,15168.36939,34.45454545,181.9274022,13007.5967
273,1,209.7458333,6974.558333,19.2,202.1444969,6171.47765
274,0,219.4182692,6781.100962,23.11111111,226.123108,6986.216097
274,1,222.6267717,7600.64252,27.60869565,216.6255203,7289.891552
275,0,224.3154762,7886.116071,32,170.3364962,5883.605217
275,1,215.8402662,6215.297837,19.38709677,180.2018777,4893.569118
276,0,204.8464311,14408.05768,53.34615385,151.7935703,10698.29458
276,1,201.5812274,19455.62455,49.46428571,154.1145426,14731.98022
277,0,226.6441821,10630.07757,42.35714286,219.1480769,10079.85665
277,1,231.1054767,11778.18864,44.81818182,215.5659483,10962.72103
278,0,192.0780234,10870.79064,38.45,149.8953654,8021.492087
278,1,189.5476718,8306.549889,31.10344828,154.4702506,6744.815426
279,0,229.8366477,19738.79972,58.66666667,164.2338496,13265.46232
279,1,226.5500778,16518.00623,60.21875,166.9321864,12064.42345
280,0,218.0703812,4416.985337,16.23809524,236.2215956,4819.484357
280,1,207.0897833,3421.950464,12.42307692,232.047763,3785.877056
281,0,234.2082192,7940.506849,27.03703704,203.4476475,6681.332808
281,1,234.9837703,9396.434457,36.40909091,185.4753077,7287.704622
282,0,218.987013,31080.55584,92.93103448,151.1641887,20606.98249
282,1,214.2360346,33100.22974,110.5217391,159.9304511,24271.78196
283,0,200.5798319,6416.848739,25.05263158,183.19214,5736.129564
283,1,197.8931624,4259.965812,18,196.2192931,4247.154419
284,0,163.5571726,11894.03638,54.97142857,181.1556244,12841.59761
284,1,164.3214953,15401.05701,79.25925926,175.7386514,16997.93069
285,0,188.8863049,13725.62145,61.92,155.1680402,11266.87553
285,1,179.4774096,10247.46235,41.5,153.4846424,9086.918664
286,0,234.5703125,10533.02734,36.57142857,197.6866871,8556.324431
286,1,220.7871658,7958.077005,26.71428571,217.6812307,7347.622926
287,0,189.1128205,14020.59145,53.18181818,206.0023146,15021.94977
287,1,186.8394468,13930.0914,51.96875,217.3910414,15834.16282
288,0,220.8843058,21196.29276,62.125,186.812493,17117.59634
288,1,222.2630585,25614.99559,75.66666667,178.5571958,19810.07621
289,0,215.6992481,9561.52381,33.25,132.20918,5536.407526
289,1,200.6082192,7351.246575,27.03703704,165.3799055,5688.714095
290,0,217.0128292,15231.97029,54.85185185,156.0520762,10902.43246
290,1,206.5191371,13574.50383,55.26923077,162.0927013,10297.8336
291,0,213.5765766,21340.47523,72,151.4608663,14670.00289
291,1,219.1793991,28686.23348,101.3043478,151.5444073,19196.68531
292,0,185.4127573,24907.23726,109.7407407,130.5292437,16908.44183
292,1,184.6759219,26521.33449,100.2173913,141.2777843,20531.43481
293,0,226.4547461,4303.381898,11.92105263,244.1986582,4239.696197
293,1,229.977591,6828.207283,25.5,226.2008214,6545.32943
294,0,205.8256735,11218.96672,39.4375,172.6375389,8869.397062
294,1,204.3755239,10244.5264,36.15151515,172.2902349,8363.315691
295,0,182.1276596,14513.26862,62.66666667,206.6269618,16152.3523
295,1,180.4188034,9317.900285,43.875,214.7181992,10906.93393
296,0,232.7758621,4850.103448,10.54545455,182.5208593,3608.552027
296,1,251.0534979,4174.72428,9,221.574691,3740.646173
297,0,197.5809617,15268.63494,63.6875,200.1587178,15098.74327
297,1,198.418251,12195.07985,54.79166667,203.4935664,12327.03097
298,0,211.5995935,11625.11789,32.8,184.6578297,9384.671498
298,1,209.1705521,8552.957055,28.10344828,181.5152038,6878.802674
299,0,230.0612717,19803.39075,57.66666667,168.3352051,14050.5593
299,1,228.2375737,17226.95198,37.09375,174.413633,11770.48762
